file,Fs_hz,duration_s,RMS_ms2
noise_1.csv,249.99999999999977,20.44,0.036027380330072474
