file,Fs_hz,duration_s,RMS_ms2
noise_2.csv,249.99999999999977,20.328001,0.0347353132639859
