scenario,mean,std,count,relative_to_baseline
noise_1,0.03592365918463795,,1,1.0
noise_3,0.04204512900112561,,1,1.1704021793833683
noise_2,0.07290908284247909,,1,2.0295561336818726
